{"learner":{"attributes":{"best_iteration":"6","best_score":"398.4952964211966","scikit_learn":"{\"_estimator_type\": \"regressor\"}"},"feature_names":[],"feature_types":[],"gradient_booster":{"model":{"gbtree_model_param":{"num_parallel_tree":"1","num_trees":"17"},"iteration_indptr":[0,1,2,3,4,5,6,7,8,9,10,11,12,13,14,15,16,17],"tree_info":[0,0,0,0,0,0,0,0,0,0,0,0,0,0,0,0,0],"trees":[{"base_weights":[6.5113354E0,8.009193E1,-7.752443E1,-1.3162367E2,1.3020341E2,-1.145834E1,-2.0642642E2,1.3181126E0,-1.4921407E1,3.2994686E1,6.55231E0,-3.0065804E0,2.4684212E1,-1.6084581E1,-3.9512749E0],"categories":[],"categories_nodes":[],"categories_segments":[],"categories_sizes":[],"default_left":[0,0,0,0,0,0,0,0,0,0,0,0,0,0,0],"id":0,"left_children":[1,3,5,7,9,11,13,-1,-1,-1,-1,-1,-1,-1,-1],"loss_changes":[9.3990275E5,8.7649794E5,6.0227425E5,2.2946284E5,7.154815E5,6.373682E5,1.1102631E5,0E0,0E0,0E0,0E0,0E0,0E0,0E0,0E0],"parents":[2147483647,0,0,1,1,2,2,3,3,4,4,5,5,6,6],"right_children":[2,4,6,8,10,12,14,-1,-1,-1,-1,-1,-1,-1,-1],"split_conditions":[1.2845409E-1,-8.5789615E-1,-7.5119203E-1,-9.010308E-1,-8.31091E-1,-7.621764E-1,-2.3344178E-1,1.3181126E0,-1.4921407E1,3.2994686E1,6.55231E0,-3.0065804E0,2.4684212E1,-1.6084581E1,-3.9512749E0],"split_indices":[66,5,62,5,16,62,30,0,0,0,0,0,0,0,0],"split_type":[0,0,0,0,0,0,0,0,0,0,0,0,0,0,0],"sum_hessian":[1.5E2,8E1,7E1,1.5E1,6.5E1,4.7E1,2.3E1,6E0,9E0,4E0,6.1E1,4.4E1,3E0,1.8E1,5E0],"tree_param":{"num_deleted":"0","num_feature":"80","num_nodes":"15","size_leaf_vector":"1"}},{"base_weights":[-8.949937E0,7.4965706E1,-1.11801704E2,-4.196415E0,3.1662E2,-2.766974E1,-1.9017091E2,1.6543938E1,-4.647311E0,1.4699655E1,5.2109814E1,-8.282043E0,7.496126E0,-1.4566239E1,5.4405375E0],"categories":[],"categories_nodes":[],"categories_segments":[],"categories_sizes":[],"default_left":[0,0,0,0,0,0,0,0,0,0,0,0,0,0,0],"id":1,"left_children":[1,3,5,7,9,11,13,-1,-1,-1,-1,-1,-1,-1,-1],"loss_changes":[1.2684886E6,1.5508478E6,4.298995E5,1.0485995E6,7.1901325E5,4.6326247E5,2.8581938E5,0E0,0E0,0E0,0E0,0E0,0E0,0E0,0E0],"parents":[2147483647,0,0,1,1,2,2,3,3,4,4,5,5,6,6],"right_children":[2,4,6,8,10,12,14,-1,-1,-1,-1,-1,-1,-1,-1],"split_conditions":[1.2845409E-1,-6.640506E-1,-1.8909873E-1,-4.271936E-1,7.043696E-1,-2.9464802E-1,2.710557E0,1.6543938E1,-4.647311E0,1.4699655E1,5.2109814E1,-8.282043E0,7.496126E0,-1.4566239E1,5.4405375E0],"split_indices":[66,78,49,42,9,49,59,0,0,0,0,0,0,0,0],"split_type":[0,0,0,0,0,0,0,0,0,0,0,0,0,0,0],"sum_hessian":[1.45E2,8E1,6.5E1,6.1E1,1.9E1,3.2E1,3.3E1,1.2E1,4.9E1,1.7E1,2E0,1.9E1,1.3E1,3E1,3E0],"tree_param":{"num_deleted":"0","num_feature":"80","num_nodes":"15","size_leaf_vector":"1"}},{"base_weights":[1.5008407E1,8.961445E1,-6.414014E1,-2.4271843E1,2.209626E2,-1.6986336E1,-2.073761E2,-1.230627E1,3.9908323E0,3.5776146E1,1.5587001E0,7.954347E0,-4.5937886E0,-1.5538642E1,-4.193631E-1],"categories":[],"categories_nodes":[],"categories_segments":[],"categories_sizes":[],"default_left":[0,0,0,0,0,0,0,0,0,0,0,0,0,0,0],"id":2,"left_children":[1,3,5,7,9,11,13,-1,-1,-1,-1,-1,-1,-1,-1],"loss_changes":[8.383472E5,1.0973522E6,4.6251178E5,5.536163E5,2.1179E6,3.8577375E5,8.872431E4,0E0,0E0,0E0,0E0,0E0,0E0,0E0,0E0],"parents":[2147483647,0,0,1,1,2,2,3,3,4,4,5,5,6,6],"right_children":[2,4,6,8,10,12,14,-1,-1,-1,-1,-1,-1,-1,-1],"split_conditions":[-5.490038E-1,-9.737526E-1,-5.331563E-1,1.0710922E0,6.922579E-1,2.674354E-1,1.3744404E0,-1.230627E1,3.9908323E0,3.5776146E1,1.5587001E0,7.954347E0,-4.5937886E0,-1.5538642E1,-4.193631E-1],"split_indices":[55,66,60,50,31,68,16,0,0,0,0,0,0,0,0],"split_type":[0,0,0,0,0,0,0,0,0,0,0,0,0,0,0],"sum_hessian":[1.4E2,7.2E1,6.8E1,3.9E1,3.3E1,5.2E1,1.6E1,1.3E1,2.6E1,1.2E1,2.1E1,1.4E1,3.8E1,1.4E1,2E0],"tree_param":{"num_deleted":"0","num_feature":"80","num_nodes":"15","size_leaf_vector":"1"}},{"base_weights":[5.1310506E0,7.256169E1,-5.89922E1,1.4161847E2,-6.568666E1,1.0617949E0,-1.9115346E2,-9.056114E0,1.3586984E1,-8.023781E0,1.7755909E1,4.8151436E0,-5.203773E0,-1.4766745E1,7.326449E0],"categories":[],"categories_nodes":[],"categories_segments":[],"categories_sizes":[],"default_left":[0,0,0,0,0,0,0,0,0,0,0,0,0,0,0],"id":3,"left_children":[1,3,5,7,9,11,13,-1,-1,-1,-1,-1,-1,-1,-1],"loss_changes":[6.744807E5,7.348735E5,6.351479E5,9.175648E5,5.0836444E5,3.228353E5,2.580385E5,0E0,0E0,0E0,0E0,0E0,0E0,0E0,0E0],"parents":[2147483647,0,0,1,1,2,2,3,3,4,4,5,5,6,6],"right_children":[2,4,6,8,10,12,14,-1,-1,-1,-1,-1,-1,-1,-1],"split_conditions":[-5.490038E-1,1.1571863E-1,4.3039376E-1,-4.8483035E-1,3.565403E0,1.0147865E0,1.2105075E0,-9.056114E0,1.3586984E1,-8.023781E0,1.7755909E1,4.8151436E0,-5.203773E0,-1.4766745E1,7.326449E0],"split_indices":[55,49,31,40,30,55,70,0,0,0,0,0,0,0,0],"split_type":[0,0,0,0,0,0,0,0,0,0,0,0,0,0,0],"sum_hessian":[1.54E2,7.5E1,7.9E1,5E1,2.5E1,5.5E1,2.4E1,9E0,4.1E1,2.2E1,3E0,2.9E1,2.6E1,2.2E1,2E0],"tree_param":{"num_deleted":"0","num_feature":"80","num_nodes":"15","size_leaf_vector":"1"}},{"base_weights":[2.9398174E0,6.990314E1,-6.238617E1,-2.4426964E1,2.301308E2,-1.8340088E2,-7.247708E0,-1.0538129E1,2.8812802E0,-3.4387188E0,2.1414812E1,-1.3972876E1,5.5344977E0,1.9974932E1,-1.6093266E0],"categories":[],"categories_nodes":[],"categories_segments":[],"categories_sizes":[],"default_left":[0,0,0,0,0,0,0,0,0,0,0,0,0,0,0],"id":4,"left_children":[1,3,5,7,9,11,13,-1,-1,-1,-1,-1,-1,-1,-1],"loss_changes":[6.911489E5,1.1845361E6,5.32476E5,4.613228E5,7.68965E5,1.9621988E5,2.996198E5,0E0,0E0,0E0,0E0,0E0,0E0,0E0,0E0],"parents":[2147483647,0,0,1,1,2,2,3,3,4,4,5,5,6,6],"right_children":[2,4,6,8,10,12,14,-1,-1,-1,-1,-1,-1,-1,-1],"split_conditions":[-5.1202536E-1,-7.662381E-1,-4.4233513E-1,1.143535E0,-5.8577454E-1,1.1944436E0,-3.014084E-1,-1.0538129E1,2.8812802E0,-3.4387188E0,2.1414812E1,-1.3972876E1,5.5344977E0,1.9974932E1,-1.6093266E0],"split_indices":[72,72,43,77,12,51,37,0,0,0,0,0,0,0,0],"split_type":[0,0,0,0,0,0,0,0,0,0,0,0,0,0,0],"sum_hessian":[1.56E2,7.7E1,7.9E1,4.9E1,2.8E1,2.4E1,5.5E1,1.6E1,3.3E1,7E0,2.1E1,2.2E1,2E0,2E0,5.3E1],"tree_param":{"num_deleted":"0","num_feature":"80","num_nodes":"15","size_leaf_vector":"1"}},{"base_weights":[2.9476163E0,7.3234695E1,-5.929437E1,-3.141437E1,2.0650893E2,-1.4474281E2,1.6507343E1,-3.820612E0,2.286228E1,1.04593E0,2.6346405E1,-2.1241195E0,-1.4843214E1,5.4532475E0,-4.5555334E0],"categories":[],"categories_nodes":[],"categories_segments":[],"categories_sizes":[],"default_left":[0,0,0,0,0,0,0,0,0,0,0,0,0,0,0],"id":5,"left_children":[1,3,5,7,9,11,13,-1,-1,-1,-1,-1,-1,-1,-1],"loss_changes":[7.1743594E5,1.0804082E6,5.659003E5,4.502201E5,1.2251786E6,3.5614606E5,2.6754828E5,0E0,0E0,0E0,0E0,0E0,0E0,0E0,0E0],"parents":[2147483647,0,0,1,1,2,2,3,3,4,4,5,5,6,6],"right_children":[2,4,6,8,10,12,14,-1,-1,-1,-1,-1,-1,-1,-1],"split_conditions":[-5.5234045E-1,-9.925407E-1,5.4209594E-2,1.0967187E0,-1.0405502E0,-7.6801276E-1,1.2020715E0,-3.820612E0,2.286228E1,1.04593E0,2.6346405E1,-2.1241195E0,-1.4843214E1,5.4532475E0,-4.5555334E0],"split_indices":[59,66,43,43,43,73,43,0,0,0,0,0,0,0,0],"split_type":[0,0,0,0,0,0,0,0,0,0,0,0,0,0,0],"sum_hessian":[1.62E2,7.6E1,8.6E1,4.3E1,3.3E1,4E1,4.6E1,4.1E1,2E0,1.7E1,1.6E1,1.7E1,2.3E1,2.6E1,2E1],"tree_param":{"num_deleted":"0","num_feature":"80","num_nodes":"15","size_leaf_vector":"1"}},{"base_weights":[4.104998E-1,-5.6444016E1,9.0021675E1,1.7474154E1,-1.9137021E2,4.0276627E1,6.128957E1,-3.7042997E0,4.20412E0,-1.310407E1,-2.2542003E-1,9.372488E0,-2.6039052E0],"categories":[],"categories_nodes":[],"categories_segments":[],"categories_sizes":[],"default_left":[0,0,0,0,0,0,0,0,0,0,0,0,0],"id":6,"left_children":[1,3,5,7,9,-1,11,-1,-1,-1,-1,-1,-1],"loss_changes":[7.7439606E5,9.3087925E5,8.374186E5,2.079153E5,3.5114375E4,0E0,4.6197838E5,0E0,0E0,0E0,0E0,0E0,0E0],"parents":[2147483647,0,0,1,1,2,2,3,3,4,4,6,6],"right_children":[2,4,6,8,10,-1,12,-1,-1,-1,-1,-1,-1],"split_conditions":[2.3455046E-1,1.9937745E-1,2.3091772E-1,1.2498232E-1,9.4988877E-1,4.0276627E1,-2.3428616E-1,-3.7042997E0,4.20412E0,-1.310407E1,-2.2542003E-1,9.372488E0,-2.6039052E0],