{"learner":{"attributes":{"best_iteration":"1","best_score":"406.984913480525","scikit_learn":"{\"_estimator_type\": \"regressor\"}"},"feature_names":[],"feature_types":[],"gradient_booster":{"model":{"gbtree_model_param":{"num_parallel_tree":"1","num_trees":"12"},"iteration_indptr":[0,1,2,3,4,5,6,7,8,9,10,11,12],"tree_info":[0,0,0,0,0,0,0,0,0,0,0,0],"trees":[{"base_weights":[6.5113354E0,-2.4220238E1,9.8534706E1,-3.4914516E1,2.7860107E2,1.1366076E1,4.464047E1,-5.4719806E-2,-9.036217E0,-7.15628E-1,2.5169073E1,5.778312E0,-1.1877018E1],"categories":[],"categories_nodes":[],"categories_segments":[],"categories_sizes":[],"default_left":[0,0,0,0,0,0,0,0,0,0,0,0,0],"id":0,"left_children":[1,3,5,7,9,11,-1,-1,-1,-1,-1,-1,-1],"loss_changes":[4.2941803E5,3.7891112E5,1.8905084E6,3.8218788E5,1.19874625E5,5.037863E5,0E0,0E0,0E0,0E0,0E0,0E0,0E0],"parents":[2147483647,0,0,1,1,2,2,3,3,4,4,5,5],"right_children":[2,4,6,8,10,12,-1,-1,-1,-1,-1,-1,-1],"split_conditions":[-1.9087513E-1,1.9644575E0,-8.5488325E-1,6.2730414E-1,2.6767588E-1,-6.711647E-1,4.464047E1,-5.4719806E-2,-9.036217E0,-7.15628E-1,2.5169073E1,5.778312E0,-1.1877018E1],"split_indices":[25,37,12,37,0,0,0,0,0,0,0,0,0],"split_type":[0,0,0,0,0,0,0,0,0,0,0,0,0],"sum_hessian":[1.5E2,1.13E2,3.7E1,1.1E2,3E0,3.3E1,4E0,8.3E1,2.7E1,1E0,2E0,2.4E1,9E0],"tree_param":{"num_deleted":"0","num_feature":"40","num_nodes":"13","size_leaf_vector":"1"}},{"base_weights":[-9.210029E0,-4.1037094E1,8.917925E1,-7.015482E1,1.0364636E2,3.371277E2,-5.95643E0,-1.1973634E1,-2.2294655E0,3.595353E1,-8.0708283E-1,3.8786497E0,4.0164288E1,-5.3205285E0,7.250802E0],"categories":[],"categories_nodes":[],"categories_segments":[],"categories_sizes":[],"default_left":[0,0,0,0,0,0,0,0,0,0,0,0,0,0,0],"id":1,"left_children":[1,3,5,7,9,11,13,-1,-1,-1,-1,-1,-1,-1,-1],"loss_changes":[4.608502E5,4.7489797E5,8.512028E5,3.6844847E5,9.6848706E5,7.093749E5,2.3884423E5,0E0,0E0,0E0,0E0,0E0,0E0,0E0,0E0],"parents":[2147483647,0,0,1,1,2,2,3,3,4,4,5,5,6,6],"right_children":[2,4,6,8,10,12,14,-1,-1,-1,-1,-1,-1,-1,-1],"split_conditions":[-1.9087513E-1,6.546046E-1,1.2084326E0,-5.609214E-1,6.5929556E-1,-4.6531358E-1,1.9596181E0,-1.1973634E1,-2.2294655E0,3.595353E1,-8.0708283E-1,3.8786497E0,4.0164288E1,-5.3205285E0,7.250802E0],"split_indices":[25,30,22,25,30,20,22,0,0,0,0,0,0,0,0],"split_type":[0,0,0,0,0,0,0,0,0,0,0,0,0,0,0],"sum_hessian":[1.45E2,1.1E2,3.5E1,9.2E1,1.8E1,9E0,2.6E1,2.2E1,7E1,3E0,1.5E1,5E0,4E0,1.6E1,1E1],"tree_param":{"num_deleted":"0","num_feature":"40","num_nodes":"15","size_leaf_vector":"1"}},{"base_weights":[1.640845E1,-1.2620313E1,1.6588733E2,1.3945676E1,-1.9774088E2,-6.163841E0,4.3420737E2,1.0412958E1,-7.697066E-1,-1.5493293E1,1.417078E0,-1.347232E1,3.9786248E0,5.5784912E1,-3.832674E0],"categories":[],"categories_nodes":[],"categories_segments":[],"categories_sizes":[],"default_left":[0,0,0,0,0,0,0,0,0,0,0,0,0,0,0],"id":2,"left_children":[1,3,5,7,9,11,13,-1,-1,-1,-1,-1,-1,-1,-1],"loss_changes":[6.139189E5,5.8798906E5,1.0644662E6,3.8429125E5,1.21096875E5,2.0673556E5,1.8413524E6,0E0,0E0,0E0,0E0,0E0,0E0,0E0,0E0],"parents":[2147483647,0,0,1,1,2,2,3,3,4,4,5,5,6,6],"right_children":[2,4,6,8,10,12,14,-1,-1,-1,-1,-1,-1,-1,-1],"split_conditions":[7.4723035E-1,7.306328E-1,-8.494038E-1,-1.1840623E-1,8.4895843E-1,-1.1861541E-1,1.7227101E-1,1.0412958E1,-7.697066E-1,-1.5493293E1,1.417078E0,-1.347232E1,3.9786248E0,5.5784912E1,-3.832674E0],"split_indices":[11,29,7,2,29,2,14,0,0,0,0,0,0,0,0],"split_type":[0,0,0,0,0,0,0,0,0,0,0,0,0,0,0],"sum_hessian":[1.4E2,1.18E2,2.2E1,1.04E2,1.4E1,1.4E1,8E0,1.5E1,8.9E1,1.2E1,2E0,3E0,1.1E1,4E0,4E0],"tree_param":{"num_deleted":"0","num_feature":"40","num_nodes":"15","size_leaf_vector":"1"}},{"base_weights":[5.029926E0,-7.0146385E1,3.5461494E1,-1.4678633E2,6.4718605E1,1.566339E1,4.9386364E1,-3.1134245E0,-1.3089887E1,-1.4516876E1,9.371456E0,-4.3112075E-1,9.034201E0],"categories":[],"categories_nodes":[],"categories_segments":[],"categories_sizes":[],"default_left":[0,0,0,0,0,0,0,0,0,0,0,0,0],"id":3,"left_children":[1,3,5,7,9,11,-1,-1,-1,-1,-1,-1,-1],"loss_changes":[3.570861E5,4.746218E5,1.5431802E6,1.3610306E5,3.978517E5,2.9119128E5,0E0,0E0,0E0,0E0,0E0,0E0,0E0],"parents":[2147483647,0,0,1,1,2,2,3,3,4,4,5,5],"right_children":[2,4,6,8,10,12,-1,-1,-1,-1,-1,-1,-1],"split_conditions":[-5.550946E-1,6.500132E-1,8.4306926E-1,6.546647E-1,-2.5696367E-1,5.6112325E-1,4.9386364E1,-3.1134245E0,-1.3089887E1,-1.4516876E1,9.371456E0,-4.3112075E-1,9.034201E0],"split_indices":[25,30,29,11,20,30,0,0,0,0,0,0,0],"split_type":[0,0,0,0,0,0,0,0,0,0,0,0,0],"sum_hessian":[1.54E2,4.4E1,1.1E2,2.8E1,1.6E1,1.08E2,2E0,1E1,1.8E1,3E0,1.3E1,9.2E1,1.6E1],"tree_param":{"num_deleted":"0","num_feature":"40","num_nodes":"13","size_leaf_vector":"1"}},{"base_weights":[4.792267E0,-8.792928E1,3.4114155E1,-1.1952045E2,1.00476974E2,4.627496E1,5.283441E0,-2.60906E0,-1.0869375E1,9.397483E0,-3.4571831E0,-7.2076035E-1,1.0649047E1],"categories":[],"categories_nodes":[],"categories_segments":[],"categories_sizes":[],"default_left":[0,0,0,0,0,0,0,0,0,0,0,0,0],"id":4,"left_children":[1,3,5,7,9,-1,11,-1,-1,-1,-1,-1,-1],"loss_changes":[4.298467E5,2.38184E5,2.286806E6,1.1013106E5,4.477282E4,0E0,2.915469E5,0E0,0E0,0E0,0E0,0E0,0E0],"parents":[2147483647,0,0,1,1,2,2,3,3,4,4,6,6],"right_children":[2,4,6,8,10,-1,12,-1,-1,-1,-1,-1,-1],"split_conditions":[-5.571404E-1,8.5207784E-1,-1.1357592E0,2.4813326E-1,6.7334425E-1,4.627496E1,6.7650735E-1,-2.60906E0,-1.0869375E1,9.397483E0,-3.4571831E0,-7.2076035E-1,1.0649047E1],"split_indices":[19,8,1,39,0,0,11,0,0,0,0,0,0],"split_type":[0,0,0,0,0,0,0,0,0,0,0,0,0],"sum_hessian":[1.56E2,3.7E1,1.19E2,3.2E1,5E0,4E0,1.15E2,1.2E1,2E1,4E0,1E0,1.05E2,1E1],"tree_param":{"num_deleted":"0","num_feature":"40","num_nodes":"13","size_leaf_vector":"1"}},{"base_weights":[4.174022E0,-1.0736522E2,2.5158415E1,-7.853427E1,-1.4141671E1,1.4500609E2,-1.2389997E1,3.0468266E0,-7.226683E0,2.2027136E1,1.5107646E0,-2.7865334E0,8.927889E0],"categories":[],"categories_nodes":[],"categories_segments":[],"categories_sizes":[],"default_left":[0,0,0,0,0,0,0,0,0,0,0,0,0],"id":5,"left_children":[1,3,5,7,-1,9,11,-1,-1,-1,-1,-1,-1],"loss_changes":[3.8421622E5,6.2287625E4,6.22809E5,8.757289E4,0E0,7.4451125E5,4.6484616E5,0E0,0E0,0E0,0E0,0E0,0E0],"parents":[2147483647,0,0,1,1,2,2,3,3,5,5,6,6],"right_children":[2,4,6,8,-1,10,12,-1,-1,-1,-1,-1,-1],"split_conditions":[-5.746199E-1,-2.8239992E-1,-5.9163254E-1,-8.649947E-1,-1.4141671E1,1.2084326E0,1.1106021E0,3.0468266E0,-7.226683E0,2.2027136E1,1.5107646E0,-2.7865334E0,8.927889E0],"split_indices":[36,38,12,36,0,22,12,0,0,0,0,0,0],"split_type":[0,0,0,0,0,0,0,0,0,0,0,0,0],"sum_hessian":[1.62E2,2.5E1,1.37E2,2.1E1,4E0,3.2E1,1.05E2,4E0,1.7E1,1.2E1,2E1,8.8E1,1.7E1],"tree_param":{"num_deleted":"0","num_feature":"40","num_nodes":"13","size_leaf_vector":"1"}},{"base_weights":[-1.6886445E0,-3.683517E1,9.040199E1,-7.4276535E1,1.0802027E2,2.259612E1,5.876462E2,-2.0839124E0,-1.4534456E1,1.1940119E0,4.6690533E1,1.744286E1,-8.8642627E-1,4.7588066E1,2.4779773E0],"categories":[],"categories_nodes":[],"categories_segments":[],"categories_sizes":[],"default_left":[0,0,0,0,0,0,0,0,0,0,0,0,0,0,0],"id":6,"left_children":[1,3,5,7,9,11,13,-1,-1,-1,-1,-1,-1,-1,-1],"loss_changes":[4.9206653E5,6.046177E5,1.4027966E6,5.385421E5,1.2185668E6,3.3094356E5,3.2629525E5,0E0,0E0,0E0,0E0,0E0,0E0,0E0,0E0],"parents":[2147483647,0,0,1,1,2,2,3,3,4,4,5,5,6,6],"right_children":[2,4,6,8,10,12,14,-1,-1,-1,-1,-1,-1,-1,-1],"split_conditions":[-1.9744031E-1,7.4723035E-1,-8.5488325E-1,7.507132E-1,-5.449512E-1,-1.1840623E-1,-1.6668175E-1,-2.0839124E0,-1.4534456E1,1.1940119E0,4.6690533E1,1.744286E1,-8.8642627E-1,4.7588066E1,2.4779773E0],"split_indices":[19,11,12,12,19,2,14,0,0,0,0,0,0,0,0],"split_type":[0,0,0,0,0,0,0,0,0,0,0,0,0,0,0],"sum_hessian":[1.5E2,1.09E2,4.1E1,8.7E1,2.2E1,3.7E1,4E0,6.8E1,1.9E1,2E1,2E0,4E0,3.3E1,3E0,1E0],"tree_param":{"num_deleted":"0","num_feature":"40","num_nodes":"15",